head_dim,avg_ms
64,0.03690091893076897
128,0.056171161122620106
256,0.09809316135942936
