kv_len,avg_ms
512,0.026206178590655327
1024,0.03426970448344946
2048,0.056226118467748165
4096,0.098317782394588
8192,0.18442388158291578
