head_dim,avg_ms
64,0.009730998426675797
128,0.011282507330179214
256,0.016851071268320084
