kv_len,avg_ms
512,0.009231455624103546
1024,0.009215287864208221
2048,0.011188816279172897
4096,0.017143208533525467
8192,0.18807003274559975
